timestep,total_population,resource_concentration,antibiotic_level,cooperation_index,competition_index,mutation_frequency,avg_fitness,genotype_diversity,genotype_0_density,genotype_1_density,genotype_2_density,genotype_3_density,genotype_4_density,genotype_5_density,genotype_6_density,genotype_7_density,genotype_8_density,genotype_9_density,genotype_10_density,genotype_11_density,genotype_12_density,genotype_13_density,genotype_14_density,genotype_19_density,genotype_16_density,genotype_17_density,genotype_20_density,genotype_24_density,genotype_15_density,genotype_18_density,genotype_22_density,genotype_25_density,genotype_28_density
1,326,60,0.0,0.0,0.0,0.0,120.65138036809817,1,1.0,,,,,,,,,,,,,,,,,,,,,,,,
2,356,60,0.0,0.0,0.0,0.5,115.0391889044944,2,0.9971910112359551,0.0028089887640449437,,,,,,,,,,,,,,,,,,,,,,,
3,381,60,0.0,0.0,0.0,0.5,110.93427688648296,2,0.9973753280839895,0.0026246719160104987,,,,,,,,,,,,,,,,,,,,,,,
4,413,60,0.0,0.0,0.0,0.5,106.50561790867133,2,0.9975786924939467,0.002421307506053269,,,,,,,,,,,,,,,,,,,,,,,
5,437,60,0.0,0.0,0.0,0.5,103.47435376498821,2,0.9977116704805492,0.002288329519450801,,,,,,,,,,,,,,,,,,,,,,,
6,463,60,0.0,0.0,0.0,0.5,100.5628933743485,2,0.9956803455723542,0.004319654427645789,,,,,,,,,,,,,,,,,,,,,,,
7,491,60,0.0,0.0,0.0,0.5,97.78624854208094,2,0.9959266802443992,0.004073319755600814,,,,,,,,,,,,,,,,,,,,,,,
8,521,60,0.0,0.0,0.0,0.5,95.15322129364864,2,0.9961612284069098,0.003838771593090211,,,,,,,,,,,,,,,,,,,,,,,
9,552,60,0.0,0.0,0.0,0.5,92.72738161688585,2,0.9963768115942029,0.0036231884057971015,,,,,,,,,,,,,,,,,,,,,,,
10,584,60,0.0,0.0,0.0,0.6666666666666666,90.48760801242874,3,0.9948630136986302,0.003424657534246575,0.0017123287671232876,,,,,,,,,,,,,,,,,,,,,,
11,612,60,0.0,0.0,0.0,0.75,88.64987387007702,4,0.9934640522875817,0.0032679738562091504,0.0016339869281045752,0.0016339869281045752,,,,,,,,,,,,,,,,,,,,,
12,639,60,0.0,0.001564945226917058,0.0,0.75,87.00022876295274,4,0.9937402190923318,0.003129890453834116,0.001564945226917058,0.001564945226917058,,,,,,,,,,,,,,,,,,,,,
13,664,60,0.0,0.0015060240963855422,0.0,0.75,85.54787063690422,4,0.9939759036144579,0.0030120481927710845,0.0015060240963855422,0.0015060240963855422,,,,,,,,,,,,,,,,,,,,,
14,700,60,0.0,0.0014285714285714286,0.0,0.8333333333333334,83.80369353008119,6,0.9914285714285714,0.002857142857142857,0.0014285714285714286,0.0014285714285714286,0.0014285714285714286,0.0014285714285714286,,,,,,,,,,,,,,,,,,,
15,732,60,0.0,0.00273224043715847,0.0,0.875,82.33561807569076,8,0.9877049180327869,0.00273224043715847,0.001366120218579235,0.001366120218579235,0.00273224043715847,0.001366120218579235,0.001366120218579235,0.001366120218579235,,,,,,,,,,,,,,,,,
16,760,60,0.0,0.005263157894736842,0.0,0.875,81.08776493422407,8,0.9868421052631579,0.002631578947368421,0.0013157894736842105,0.0013157894736842105,0.003947368421052632,0.0013157894736842105,0.0013157894736842105,0.0013157894736842105,,,,,,,,,,,,,,,,,
17,779,60,0.0,0.006418485237483954,0.0,0.875,80.15000666285013,8,0.9858793324775353,0.0025673940949935813,0.0025673940949935813,0.0012836970474967907,0.0038510911424903724,0.0012836970474967907,0.0012836970474967907,0.0012836970474967907,,,,,,,,,,,,,,,,,
18,802,60,0.0,0.006234413965087282,0.0,0.8888888888888888,79.15194640578778,9,0.983790523690773,0.0024937655860349127,0.0024937655860349127,0.0012468827930174563,0.003740648379052369,0.0012468827930174563,0.0024937655860349127,0.0012468827930174563,0.0012468827930174563,,,,,,,,,,,,,,,,
19,821,60,0.0,0.007308160779537149,0.0,0.9,78.29057148689178,10,0.9829476248477467,0.00243605359317905,0.00243605359317905,0.001218026796589525,0.0036540803897685747,0.001218026796589525,0.00243605359317905,0.001218026796589525,0.001218026796589525,0.001218026796589525,,,,,,,,,,,,,,,
20,845,60,0.0,0.008284023668639054,0.0,0.9,77.35606993676797,10,0.9834319526627219,0.002366863905325444,0.002366863905325444,0.001183431952662722,0.0035502958579881655,0.001183431952662722,0.002366863905325444,0.001183431952662722,0.001183431952662722,0.001183431952662722,,,,,,,,,,,,,,,
21,872,60,0.0,0.008027522935779817,0.0,0.9090909090909091,76.40649678909307,11,0.9827981651376146,0.0022935779816513763,0.0022935779816513763,0.0011467889908256881,0.0034403669724770644,0.0011467889908256881,0.0022935779816513763,0.0011467889908256881,0.0011467889908256881,0.0011467889908256881,,,,,,,,,,,,,,,
22,889,60,0.0,0.007874015748031496,0.0,0.9090909090909091,75.6752226019611,11,0.9820022497187851,0.0022497187851518562,0.0022497187851518562,0.0022497187851518562,0.003374578177727784,0.0011248593925759281,0.0022497187851518562,0.0011248593925759281,0.0011248593925759281,0.0011248593925759281,,,,,,,,,,,,,,,
23,919,60,0.0,0.008705114254624592,0.0,0.9090909090909091,74.75017138306355,11,0.9815016322089227,0.002176278563656148,0.002176278563656148,0.002176278563656148,0.003264417845484222,0.001088139281828074,0.002176278563656148,0.001088139281828074,0.001088139281828074,,0.002176278563656148,,,,,,,,,,,,,,
24,937,60,0.0,0.008537886872998933,0.0,0.9090909090909091,74.04884797880638,11,0.9818569903948773,0.0021344717182497333,0.0021344717182497333,0.0021344717182497333,0.0032017075773745998,0.0010672358591248667,0.0021344717182497333,0.0010672358591248667,0.0010672358591248667,,0.0021344717182497333,,,,,,,,,,,,,,
25,960,60,0.0,0.008333333333333333,0.0010416666666666667,0.9230769230769231,73.29755502801234,13,0.9791666666666666,0.0020833333333333333,0.0020833333333333333,0.0020833333333333333,0.003125,0.0010416666666666667,0.003125,0.0010416666666666667,0.0010416666666666667,,0.0020833333333333333,,,,,,,,,,,,,,
26,982,60,0.0,0.009164969450101833,0.002036659877800407,0.9230769230769231,72.57188909984076,13,0.9786150712830958,0.002036659877800407,0.002036659877800407,0.002036659877800407,0.003054989816700611,0.0010183299389002036,0.003054989816700611,0.0010183299389002036,,,0.002036659877800407,0.002036659877800407,,,,,,,,,,,,,
27,1000,60,0.0,0.009,0.003,0.9285714285714286,71.90690338826832,14,0.978,0.002,0.002,0.002,0.003,0.001,0.003,0.001,,,0.002,0.002,,,,,,,,,,,,,
28,1025,60,0.0,0.00878048780487805,0.002926829268292683,0.9285714285714286,71.16831030343134,14,0.9775609756097561,0.001951219512195122,0.001951219512195122,0.001951219512195122,0.002926829268292683,0.000975609756097561,0.002926829268292683,,,0.001951219512195122,0.001951219512195122,0.001951219512195122,,,,,,,,,,,,,
29,1045,60,0.0,0.009569377990430622,0.0028708133971291866,0.9285714285714286,70.50637944552273,14,0.9770334928229665,0.0019138755980861245,0.0028708133971291866,0.0019138755980861245,0.0028708133971291866,0.0009569377990430622,0.0028708133971291866,,,0.0019138755980861245,0.0019138755980861245,0.0019138755980861245,,,,,,,,,,,,,
30,1060,60,0.0,0.009433962264150943,0.002830188679245283,0.9285714285714286,69.91157833483774,14,0.9773584905660377,0.0018867924528301887,0.002830188679245283,0.0018867924528301887,0.002830188679245283,0.0009433962264150943,0.002830188679245283,,,0.0018867924528301887,0.0018867924528301887,0.0018867924528301887,,,,,,,,,,,,,
31,1083,60,0.0,0.009233610341643583,0.002770083102493075,0.9285714285714286,69.25893308311198,14,0.9778393351800554,0.0018467220683287165,0.002770083102493075,0.0018467220683287165,0.002770083102493075,0.0009233610341643582,0.002770083102493075,,,0.0018467220683287165,0.0018467220683287165,0.0018467220683287165,,,,,,,,,,,,,
32,1100,60,0.0,0.00909090909090909,0.0027272727272727275,0.9285714285714286,68.67597487529801,14,0.9781818181818182,0.0018181818181818182,0.0027272727272727275,0.0018181818181818182,0.0027272727272727275,0.0009090909090909091,0.0027272727272727275,,,0.0018181818181818182,0.0018181818181818182,0.0018181818181818182,,,,,,,,,,,,,
33,1115,60,0.0,0.008968609865470852,0.0026905829596412557,0.9285714285714286,68.11793842775718,14,0.97847533632287,0.0017937219730941704,0.0026905829596412557,0.0017937219730941704,0.0026905829596412557,0.0008968609865470852,0.0026905829596412557,,,0.0017937219730941704,0.0017937219730941704,0.0017937219730941704,,,,,,,,,,,,,
34,1139,60,0.0,0.00877963125548727,0.0026338893766461808,0.9333333333333333,67.50798437430582,15,0.9771729587357331,0.001755926251097454,0.0026338893766461808,0.001755926251097454,0.0026338893766461808,,0.0026338893766461808,,,0.001755926251097454,0.001755926251097454,0.001755926251097454,0.001755926251097454,,,,,,,,,,,,
35,1166,60,0.0,0.008576329331046312,0.002572898799313894,0.9375,66.8983534790729,16,0.9768439108061749,0.0017152658662092624,0.002572898799313894,0.0017152658662092624,0.002572898799313894,,0.002572898799313894,,,0.0017152658662092624,0.0017152658662092624,0.0017152658662092624,0.0017152658662092624,,,,,,,,,,,,
36,1188,60,0.0,0.008417508417508417,0.003367003367003367,0.9375,66.33535383290449,16,0.9747474747474747,0.0016835016835016834,0.0025252525252525255,0.0016835016835016834,0.0025252525252525255,0.0016835016835016834,0.0025252525252525255,,,0.0025252525252525255,0.0016835016835016834,0.0016835016835016834,,,,,,,,,,,,,
37,1203,60,0.0,0.00914380714879468,0.004156275976724855,0.9375,65.81421252337499,16,0.9742310889443059,0.0016625103906899418,0.0024937655860349127,0.0016625103906899418,0.0024937655860349127,0.0016625103906899418,0.0024937655860349127,,,0.0024937655860349127,0.0016625103906899418,0.0024937655860349127,,,,,,,,,,,,,
38,1222,60,0.0,0.00900163666121113,0.004909983633387889,0.9375,65.26900412999568,16,0.972176759410802,0.0016366612111292963,0.0024549918166939444,,0.0024549918166939444,0.0024549918166939444,0.0024549918166939444,,,0.0024549918166939444,,0.0024549918166939444,0.0024549918166939444,0.0024549918166939444,,,,,,,,,,,
39,1234,60,0.0,0.008914100486223663,0.004862236628849271,0.9375,64.75431431688412,16,0.9724473257698542,0.0016207455429497568,0.0024311183144246355,,0.0024311183144246355,0.0024311183144246355,0.0024311183144246355,,,0.0024311183144246355,,0.0024311183144246355,0.0024311183144246355,0.0024311183144246355,,,,,,,,,,,
40,1248,60,0.0,0.008814102564102564,0.005608974358974359,0.9375,64.24068662811788,16,0.9719551282051282,0.0016025641025641025,0.002403846153846154,,0.002403846153846154,0.002403846153846154,0.002403846153846154,,,0.002403846153846154,,0.002403846153846154,0.002403846153846154,0.003205128205128205,,,,,,,,,,,
41,1275,60,0.0,0.008627450980392156,0.006274509803921568,0.9411764705882353,63.68512924481512,17,0.9709803921568627,0.001568627450980392,0.002352941176470588,,0.002352941176470588,0.002352941176470588,0.002352941176470588,,,0.003137254901960784,,0.002352941176470588,0.002352941176470588,0.003137254901960784,,,,,,,,,,,
42,1290,60,0.0,0.009302325581395349,0.006201550387596899,0.9444444444444444,63.16979901416849,18,0.9705426356589147,0.0015503875968992248,0.002325581395348837,,0.002325581395348837,0.002325581395348837,0.002325581395348837,,,0.0031007751937984496,,0.002325581395348837,0.002325581395348837,0.0031007751937984496,,,,,,,,,,,
43,1305,60,0.0,0.009195402298850575,0.006130268199233717,0.9444444444444444,62.66408806640331,18,0.9708812260536398,0.0015325670498084292,0.0022988505747126436,,0.0022988505747126436,0.0022988505747126436,0.0022988505747126436,,,0.0030651340996168583,,0.0022988505747126436,0.0022988505747126436,0.0030651340996168583,,,,,,,,,,,
44,1322,60,0.0,0.009077155824508321,0.007564296520423601,0.9444444444444444,62.163856470509096,18,0.9697428139183056,0.0015128593040847202,0.0022692889561270802,,0.0022692889561270802,0.0022692889561270802,0.0022692889561270802,,,0.0030257186081694403,,0.0022692889561270802,0.0022692889561270802,0.0037821482602118004,,,,,,,,,,,
45,1345,60,0.0,0.008921933085501859,0.009665427509293681,0.95,61.64055017394072,20,0.9672862453531599,0.001486988847583643,0.0022304832713754648,,0.0022304832713754648,0.0022304832713754648,0.0022304832713754648,,,0.002973977695167286,,0.0022304832713754648,0.0022304832713754648,0.0044609665427509295,,,,,,,,,,,
46,1362,60,0.0,0.00881057268722467,0.009544787077826725,0.95,61.09168759256167,20,0.9676945668135095,0.0014684287812041115,0.0022026431718061676,,0.0022026431718061676,0.0022026431718061676,0.0022026431718061676,,,0.002936857562408223,,0.0022026431718061676,0.0022026431718061676,0.004405286343612335,,,,,,,,,,,
47,1384,60,0.0,0.008670520231213872,0.00939306358381503,0.95,60.549743701967344,20,0.9667630057803468,0.001445086705202312,0.002167630057803468,,0.002167630057803468,0.002167630057803468,0.002890173410404624,,,0.002890173410404624,,0.002167630057803468,0.002167630057803468,0.004335260115606936,,,,,,,,,,,
48,1400,60,0.0,0.009285714285714286,0.009285714285714286,0.9523809523809523,60.02026586824593,21,0.9664285714285714,0.0014285714285714286,0.002142857142857143,,0.002142857142857143,0.002142857142857143,0.002857142857142857,,,0.002857142857142857,,0.002142857142857143,0.002142857142857143,0.004285714285714286,,,,,,,,,,,
49,1412,60,0.0,0.009206798866855524,0.009915014164305949,0.9523809523809523,59.49909917006068,21,0.9660056657223796,0.00141643059490085,0.002124645892351275,,0.002124645892351275,0.002124645892351275,0.0028328611898017,,,0.0028328611898017,,0.002124645892351275,0.002124645892351275,0.004957507082152974,,,,,,,,,,,
50,1429,60,0.0,0.009097270818754374,0.00979706088173548,0.9545454545454546,58.97750910739837,22,0.9657102869139258,0.0013995801259622112,0.002099370188943317,,0.002099370188943317,0.002099370188943317,0.0027991602519244225,,,0.0027991602519244225,,0.002099370188943317,0.002099370188943317,0.00489853044086774,,,,,,,,,,,
51,1437,60,0.0,0.009046624913013222,0.009742519137091163,0.9545454545454546,58.45614995822826,22,0.965205288796103,0.0013917884481558804,0.0020876826722338203,,0.0020876826722338203,0.0020876826722338203,0.0027835768963117608,,,0.0027835768963117608,,0.0020876826722338203,0.0027835768963117608,0.0048712595685455815,,,,,,,,,,,
52,1451,60,0.0,0.00895933838731909,0.009648518263266712,0.9545454545454546,57.95026868253284,22,0.9648518263266712,,0.002067539627842867,,0.002067539627842867,0.002067539627842867,0.0027567195037904893,,,0.0027567195037904893,,0.002067539627842867,0.0027567195037904893,0.004824259131633356,0.002067539627842867,,,,,,,,,,
53,1466,60,0.0,0.008867667121418827,0.010914051841746248,0.9583333333333334,57.45123869454159,24,0.9624829467939973,,0.0020463847203274215,,0.0020463847203274215,0.0020463847203274215,0.002728512960436562,,,0.002728512960436562,,0.0020463847203274215,0.002728512960436562,0.0047748976807639835,0.0020463847203274215,,,,,,,,,,
54,1484,60,0.0,0.00876010781671159,0.01078167115902965,0.9583333333333334,56.93678225193463,24,0.9615902964959568,,0.0020215633423180594,,0.0020215633423180594,0.0026954177897574125,0.0033692722371967657,,,0.0026954177897574125,,0.0020215633423180594,0.0026954177897574125,0.0047169811320754715,0.0020215633423180594,,,,,,,,,,
55,1498,60,0.0,0.009345794392523364,0.010680907877169559,0.96,56.42557313421902,25,0.9606141522029372,,0.0020026702269692926,,0.0020026702269692926,0.0026702269692923898,0.0033377837116154874,,,0.0026702269692923898,,0.0020026702269692926,0.0033377837116154874,0.004672897196261682,0.0020026702269692926,,,,,,,,,,
56,1506,60,0.0,0.009296148738379814,0.010624169986719787,0.96,55.903527628274354,25,0.9601593625498008,,0.00199203187250996,,0.00199203187250996,0.0026560424966799467,0.0033200531208499337,,,0.0026560424966799467,0.00199203187250996,0.00199203187250996,0.0033200531208499337,0.004648074369189907,,,,,,,,,,,
57,1513,60,0.0,0.009253139458030404,0.010575016523463317,0.96,55.37838302687494,25,0.9603436880370125,,0.0019828155981493722,,0.0019828155981493722,0.0026437541308658294,0.003304692663582287,,,0.0026437541308658294,0.0019828155981493722,0.0019828155981493722,0.003304692663582287,0.004626569729015202,,,,,,,,,,,
58,1520,60,0.0,0.009210526315789473,0.010526315789473684,0.96,54.86077126931532,25,0.9605263157894737,,0.001973684210526316,,0.001973684210526316,0.002631578947368421,0.003289473684210526,,,0.002631578947368421,0.001973684210526316,0.001973684210526316,0.003289473684210526,0.004605263157894736,,,,,,,,,,,
59,1535,60,0.0,0.009120521172638436,0.010423452768729642,0.9629629629629629,54.38068756419795,27,0.958957654723127,,0.001954397394136808,,0.001954397394136808,0.0026058631921824105,0.003257328990228013,,,0.0026058631921824105,0.001954397394136808,0.001954397394136808,0.003257328990228013,0.004560260586319218,,,,,,,,,,,
60,1553,60,0.0,0.009658725048293626,0.01159047005795235,0.9642857142857143,53.91266508843387,28,0.9568576947842885,,0.0019317450096587251,,0.0019317450096587251,0.0025756600128783,0.003219575016097875,,,0.0025756600128783,0.0019317450096587251,,0.003219575016097875,0.004507405022537025,0.0025756600128783,,,,,,,,,,
61,1565,60,0.0,0.009584664536741214,0.011501597444089457,0.9642857142857143,53.39894194402414,28,0.9571884984025559,,0.0019169329073482429,,0.0019169329073482429,0.0025559105431309905,0.003194888178913738,,,0.0025559105431309905,0.0019169329073482429,,0.003194888178913738,0.0044728434504792336,0.0025559105431309905,,,,,,,,,,
62,1575,60,0.0,0.009523809523809525,0.012063492063492064,0.9642857142857143,52.887724120069,28,0.9568253968253968,,0.0019047619047619048,,0.0019047619047619048,0.0025396825396825397,0.0031746031746031746,,,0.0025396825396825397,0.0019047619047619048,,0.0031746031746031746,0.0044444444444444444,0.0025396825396825397,,,,,,,,,,
63,1577,60,0.0,0.009511731135066582,0.9689283449587826,0.9642857142857143,41.01407158242638,28,0.9568801521876982,,0.0019023462270133164,,0.0019023462270133164,0.0025364616360177552,0.0031705770450221942,,,0.0025364616360177552,0.0019023462270133164,,0.0031705770450221942,0.004438807863031071,0.0025364616360177552,,,,,,,,,,
64,1533,60,0.0,0.009784735812133072,0.9680365296803652,0.9642857142857143,30.1248573543325,28,0.9556425309849967,,0.0019569471624266144,,0.0019569471624266144,0.002609262883235486,0.0032615786040443573,,,0.002609262883235486,0.0019569471624266144,,0.0032615786040443573,0.0045662100456621,0.002609262883235486,,,,,,,,,,
65,1292,60,0.0,0.011609907120743035,0.9636222910216719,0.9642857142857143,23.17915160788455,28,0.9504643962848297,,,,0.0023219814241486067,0.0030959752321981426,0.003869969040247678,,,0.0030959752321981426,0.0023219814241486067,,0.003869969040247678,0.005417956656346749,0.0030959752321981426,0.0023219814241486067,,,,,,,,,
66,943,60,0.0,0.015906680805938492,0.968186638388123,0.9642857142857143,21.697618855449345,27,0.9554612937433722,,,0.0021208907741251328,,0.003181336161187699,0.0021208907741251328,,,,,,0.0021208907741251328,0.003181336161187699,0.0042417815482502655,,0.0021208907741251328,0.0021208907741251328,0.0021208907741251328,,,,,,
67,733,60,0.0,0.020463847203274217,0.9645293315143247,0.9642857142857143,21.263038097932576,27,0.9495225102319236,,,0.002728512960436562,,,0.002728512960436562,,,,,,,0.004092769440654843,0.004092769440654843,0.002728512960436562,0.002728512960436562,0.002728512960436562,0.002728512960436562,0.002728512960436562,,,,,
68,613,60,0.0,0.024469820554649267,0.9624796084828712,0.9642857142857143,20.710180702179844,27,0.9477977161500816,0.0016313213703099511,,0.0032626427406199023,0.0016313213703099511,,,0.0016313213703099511,0.0016313213703099511,,,,,,0.004893964110929853,0.0032626427406199023,0.0032626427406199023,0.0032626427406199023,,,,,,,
69,541,60,0.0,0.027726432532347505,0.9593345656192237,0.9642857142857143,19.809966905537095,27,0.944547134935305,0.0018484288354898336,,0.0036968576709796672,0.0018484288354898336,,,0.0018484288354898336,0.0018484288354898336,,,0.0018484288354898336,,,0.005545286506469501,0.0036968576709796672,,,,,0.0018484288354898336,,,,
70,476,60,0.0,0.031512605042016806,0.957983193277311,0.9642857142857143,19.36844891356849,26,0.9453781512605042,0.0021008403361344537,,0.0021008403361344537,0.0021008403361344537,,,0.0021008403361344537,0.0021008403361344537,0.0021008403361344537,,0.0021008403361344537,,,0.004201680672268907,,,,,,0.0021008403361344537,,,,
71,432,60,0.0,0.034722222222222224,0.9560185185185185,0.9642857142857143,18.695737270522482,25,0.9421296296296297,0.0023148148148148147,,0.0023148148148148147,0.0023148148148148147,,,,0.0023148148148148147,0.0023148148148148147,,0.0023148148148148147,,,0.004629629629629629,,,,,,0.0023148148148148147,0.0023148148148148147,,,
72,397,60,0.0,0.037783375314861464,0.9521410579345088,0.9642857142857143,18.019540156088247,25,0.9370277078085643,0.0025188916876574307,,0.0025188916876574307,0.0025188916876574307,,,,0.0025188916876574307,0.0025188916876574307,,0.0025188916876574307,,,0.005037783375314861,,,,,,0.0025188916876574307,0.0025188916876574307,,,
73,373,60,0.0,0.040214477211796246,0.9490616621983914,0.9642857142857143,17.19058180168406,25,0.9329758713136729,0.002680965147453083,,0.002680965147453083,0.002680965147453083,,,,0.002680965147453083,0.002680965147453083,,0.002680965147453083,,,0.005361930294906166,,,,,,0.002680965147453083,0.002680965147453083,,,
74,346,60,0.0,0.04335260115606936,0.9479768786127167,0.9642857142857143,16.6698444781056,25,0.930635838150289,0.002890173410404624,,0.002890173410404624,0.002890173410404624,,,,0.002890173410404624,0.002890173410404624,,0.002890173410404624,,,,,,0.002890173410404624,,,0.002890173410404624,0.002890173410404624,,,
75,326,60,0.0,0.046012269938650305,0.950920245398773,0.9642857142857143,16.04926822088465,23,0.9325153374233128,0.003067484662576687,,,,,,,0.003067484662576687,0.003067484662576687,,0.003067484662576687,,0.003067484662576687,,,,0.003067484662576687,,,0.003067484662576687,0.003067484662576687,0.003067484662576687,,
76,304,60,0.0,0.049342105263157895,0.9539473684210527,0.9642857142857143,15.710202916433092,20,0.9375,0.003289473684210526,,,,,,,0.003289473684210526,0.003289473684210526,,0.003289473684210526,,0.003289473684210526,,,,0.003289473684210526,,,0.003289473684210526,0.003289473684210526,0.003289473684210526,,
77,287,60,0.0,0.05226480836236934,0.9512195121951219,0.9642857142857143,15.309470546981041,20,0.9337979094076655,0.003484320557491289,,,,,,,0.003484320557491289,0.003484320557491289,,0.003484320557491289,,0.003484320557491289,,,,0.003484320557491289,,,0.003484320557491289,0.003484320557491289,0.003484320557491289,,
78,266,60,0.0,0.05639097744360902,0.9548872180451128,0.9642857142857143,15.28967741972243,17,0.9398496240601504,0.0037593984962406013,,,,0.0037593984962406013,0.0037593984962406013,,0.0037593984962406013,,,0.0037593984962406013,,,,,,0.0037593984962406013,,,0.0037593984962406013,0.0037593984962406013,0.0037593984962406013,,
79,251,60,0.0,0.05976095617529881,0.952191235059761,0.9642857142857143,15.186045831270963,17,0.9362549800796812,0.00398406374501992,,,,0.00398406374501992,0.00398406374501992,,0.00398406374501992,,,0.00398406374501992,,,,,,0.00398406374501992,,,0.00398406374501992,0.00398406374501992,0.00398406374501992,,
80,242,60,0.0,0.06198347107438017,0.9504132231404959,0.9642857142857143,14.831619975644044,16,0.9380165289256198,0.004132231404958678,,,,0.004132231404958678,0.004132231404958678,,0.004132231404958678,,,0.004132231404958678,,,,,,0.004132231404958678,,,0.004132231404958678,0.004132231404958678,0.004132231404958678,,
81,238,60,0.0,0.06302521008403361,0.9495798319327731,0.9642857142857143,14.217757818757907,16,0.9369747899159664,0.004201680672268907,,,,0.004201680672268907,0.004201680672268907,,0.004201680672268907,,,0.004201680672268907,,,,,,0.004201680672268907,,,0.004201680672268907,0.004201680672268907,0.004201680672268907,,
82,226,60,0.0,0.06637168141592921,0.9469026548672567,0.9642857142857143,14.171224869263366,15,0.9380530973451328,0.004424778761061947,,,,0.004424778761061947,0.004424778761061947,,0.004424778761061947,,,0.004424778761061947,,,,,,0.004424778761061947,,,0.004424778761061947,0.004424778761061947,0.004424778761061947,,
83,222,60,0.0,0.06756756756756757,0.9459459459459459,0.9642857142857143,13.759522073039772,15,0.9369369369369369,0.0045045045045045045,,,,0.0045045045045045045,0.0045045045045045045,,0.0045045045045045045,,,0.0045045045045045045,,,,,,0.0045045045045045045,,,0.0045045045045045045,0.0045045045045045045,0.0045045045045045045,,
84,220,60,0.0,0.06818181818181818,0.9454545454545454,0.9642857142857143,13.673398930286108,14,0.9409090909090909,0.004545454545454545,,,,0.004545454545454545,0.004545454545454545,,0.004545454545454545,,,,,,,,,0.004545454545454545,,,0.004545454545454545,0.004545454545454545,0.004545454545454545,0.004545454545454545,
85,219,60,0.0,0.0684931506849315,0.9497716894977168,0.9642857142857143,13.543622461758293,13,0.9452054794520548,0.0045662100456621,,,,0.0045662100456621,0.0045662100456621,,0.0045662100456621,,,,,,,,,0.0045662100456621,,,0.0045662100456621,0.0045662100456621,0.0045662100456621,0.0045662100456621,
86,217,60,0.0,0.06912442396313365,0.9493087557603687,0.9642857142857143,13.478548654753336,13,0.9447004608294931,0.004608294930875576,,,,0.004608294930875576,0.004608294930875576,,0.004608294930875576,,,,,,,,,0.004608294930875576,,,0.004608294930875576,0.004608294930875576,0.004608294930875576,0.004608294930875576,
87,215,60,0.0,0.06976744186046512,0.9488372093023256,0.9642857142857143,13.439573944694581,13,0.9441860465116279,0.004651162790697674,,,,0.004651162790697674,0.004651162790697674,,0.004651162790697674,,,,,,,,,0.004651162790697674,,,0.004651162790697674,0.004651162790697674,0.004651162790697674,0.004651162790697674,
88,213,60,0.0,0.07042253521126761,0.9483568075117371,0.9642857142857143,13.36819845568125,13,0.9436619718309859,0.004694835680751174,,,,0.004694835680751174,0.004694835680751174,,0.004694835680751174,,,,,,,,,0.004694835680751174,,,0.004694835680751174,0.004694835680751174,0.004694835680751174,0.004694835680751174,
89,210,60,0.0,0.07142857142857142,0.9523809523809523,0.9642857142857143,13.37441942231453,11,0.9523809523809523,0.004761904761904762,,,,0.004761904761904762,0.004761904761904762,,0.004761904761904762,,,,,,,,,0.004761904761904762,0.004761904761904762,,0.004761904761904762,,0.004761904761904762,0.004761904761904762,
90,209,60,0.0,0.07177033492822966,0.9521531100478469,0.9642857142857143,13.244204675140507,11,0.9521531100478469,0.004784688995215311,,,,0.004784688995215311,0.004784688995215311,,0.004784688995215311,,,,,,,,,0.004784688995215311,0.004784688995215311,,0.004784688995215311,,0.004784688995215311,0.004784688995215311,
91,207,60,0.0,0.07246376811594203,0.9516908212560387,0.9642857142857143,13.184351396263462,11,0.9516908212560387,0.004830917874396135,,,,0.004830917874396135,0.004830917874396135,,0.004830917874396135,,,,,,,,,0.004830917874396135,0.004830917874396135,,0.004830917874396135,,0.004830917874396135,0.004830917874396135,
92,204,60,0.0,0.07352941176470588,0.9607843137254902,0.9642857142857143,13.200961935909978,9,0.9607843137254902,0.004901960784313725,,,,0.004901960784313725,,,0.004901960784313725,,,,,,0.004901960784313725,,,0.004901960784313725,0.004901960784313725,,0.004901960784313725,,,0.004901960784313725,
93,203,60,0.0,0.07389162561576355,0.9605911330049262,0.9642857142857143,13.090029218349068,9,0.9605911330049262,0.0049261083743842365,,,,0.0049261083743842365,,,0.0049261083743842365,,,,,,0.0049261083743842365,,,0.0049261083743842365,0.0049261083743842365,,0.0049261083743842365,,,0.0049261083743842365,
94,203,60,0.0,0.07389162561576355,0.9605911330049262,0.9642857142857143,12.914067272569332,9,0.9605911330049262,0.0049261083743842365,,,,0.0049261083743842365,,,0.0049261083743842365,,,,,,0.0049261083743842365,,,0.0049261083743842365,0.0049261083743842365,,0.0049261083743842365,,,0.0049261083743842365,
95,203,60,0.0,0.07389162561576355,0.9605911330049262,0.9642857142857143,12.72857671426922,9,0.9605911330049262,0.0049261083743842365,,,,0.0049261083743842365,,,0.0049261083743842365,,,,,,0.0049261083743842365,,,0.0049261083743842365,0.0049261083743842365,,0.0049261083743842365,,,0.0049261083743842365,
96,200,60,0.0,0.075,0.96,0.9642857142857143,12.726924685436162,9,0.96,0.005,,,,0.005,,,0.005,,,,,,0.005,,,0.005,0.005,,0.005,,,0.005,
97,198,60,0.0,0.07575757575757576,0.9595959595959596,0.9642857142857143,12.708971400776628,9,0.9595959595959596,0.005050505050505051,,,,0.005050505050505051,,,0.005050505050505051,,,,,,0.005050505050505051,,,0.005050505050505051,0.005050505050505051,,0.005050505050505051,,,0.005050505050505051,
98,197,60,0.0,0.07614213197969544,0.9593908629441624,0.9642857142857143,12.643919683072847,9,0.9593908629441624,0.005076142131979695,,,,0.005076142131979695,,,0.005076142131979695,,,,,,0.005076142131979695,,,0.005076142131979695,0.005076142131979695,,0.005076142131979695,,,0.005076142131979695,
99,195,60,0.0,0.07692307692307693,0.958974358974359,0.9642857142857143,12.661831118059355,9,0.958974358974359,0.005128205128205128,,,,0.005128205128205128,,,0.005128205128205128,,,,,,0.005128205128205128,,,0.005128205128205128,0.005128205128205128,,0.005128205128205128,,,0.005128205128205128,
100,195,60,0.0,0.07692307692307693,0.958974358974359,0.9642857142857143,12.578195495560758,9,0.958974358974359,0.005128205128205128,,,,0.005128205128205128,,,0.005128205128205128,,,,,,0.005128205128205128,,,0.005128205128205128,0.005128205128205128,,0.005128205128205128,,,0.005128205128205128,
101,195,60,0.0,0.07692307692307693,0.958974358974359,0.9642857142857143,12.514662524610932,9,0.958974358974359,0.005128205128205128,,,,0.005128205128205128,,,0.005128205128205128,,,,,,0.005128205128205128,,,0.005128205128205128,0.005128205128205128,,0.005128205128205128,,,0.005128205128205128,
102,192,60,0.01,0.078125,0.9635416666666666,0.9642857142857143,12.65582027411562,8,0.9635416666666666,0.005208333333333333,,,,0.005208333333333333,,,0.005208333333333333,,,,,,,,,0.005208333333333333,0.005208333333333333,,0.005208333333333333,,,0.005208333333333333,
103,191,60,0.02,0.07853403141361257,0.9633507853403142,0.9642857142857143,12.666617011104861,8,0.9633507853403142,0.005235602094240838,,,,0.005235602094240838,,,0.005235602094240838,,,,,,,,,0.005235602094240838,0.005235602094240838,,0.005235602094240838,,,0.005235602094240838,
104,188,60,0.03,0.0797872340425532,0.9627659574468085,0.9642857142857143,12.825413463846221,8,0.9627659574468085,0.005319148936170213,,,,0.005319148936170213,,,0.005319148936170213,,,,,,,,,0.005319148936170213,0.005319148936170213,,0.005319148936170213,,,0.005319148936170213,
105,188,60,0.04,0.0797872340425532,0.9627659574468085,0.9642857142857143,12.80693473538428,8,0.9627659574468085,0.005319148936170213,,,,0.005319148936170213,,,0.005319148936170213,,,,,,,,,0.005319148936170213,0.005319148936170213,,0.005319148936170213,,,0.005319148936170213,
106,187,60,0.05,0.08021390374331551,0.9625668449197861,0.9642857142857143,12.736155126320076,8,0.9625668449197861,0.0053475935828877,,,,0.0053475935828877,,,0.0053475935828877,,,,,,,,,0.0053475935828877,0.0053475935828877,,0.0053475935828877,,,0.0053475935828877,
107,187,60,0.06,0.08021390374331551,0.9625668449197861,0.9642857142857143,12.6603567181195,8,0.9625668449197861,0.0053475935828877,,,,0.0053475935828877,,,0.0053475935828877,,,,,,,,,0.0053475935828877,0.0053475935828877,,0.0053475935828877,,,0.0053475935828877,
108,186,60,0.07,0.08064516129032258,0.9623655913978495,0.9642857142857143,12.696868634923419,8,0.9623655913978495,0.005376344086021506,,,,0.005376344086021506,,,0.005376344086021506,,,,,,,,,0.005376344086021506,0.005376344086021506,,0.005376344086021506,,,0.005376344086021506,
109,185,60,0.08,0.08108108108108109,0.9621621621621622,0.9642857142857143,12.743689920539722,8,0.9621621621621622,0.005405405405405406,,,,0.005405405405405406,,,0.005405405405405406,,,,,,,,,0.005405405405405406,0.005405405405405406,,0.005405405405405406,,,0.005405405405405406,
110,182,60,0.09,0.08241758241758242,0.9615384615384616,0.9642857142857143,12.879238138139604,8,0.9615384615384616,0.005494505494505495,,,,0.005494505494505495,,,0.005494505494505495,,,,,,,,,0.005494505494505495,0.005494505494505495,,0.005494505494505495,,,0.005494505494505495,
111,182,60,0.1,0.08241758241758242,0.9615384615384616,0.9642857142857143,12.845237572469077,8,0.9615384615384616,0.005494505494505495,,,,0.005494505494505495,,,0.005494505494505495,,,,,,,,,0.005494505494505495,0.005494505494505495,,0.005494505494505495,,,0.005494505494505495,
112,179,60,0.11,0.08379888268156424,0.9664804469273743,0.9642857142857143,12.908178601897314,7,0.9664804469273743,0.00558659217877095,,,,,,,0.00558659217877095,,,,,,,,,0.00558659217877095,0.00558659217877095,,0.00558659217877095,,,0.00558659217877095,
113,176,60,0.12,0.08522727272727272,0.9659090909090909,0.9642857142857143,12.935583995987242,7,0.9659090909090909,0.005681818181818182,,,,,,,0.005681818181818182,,,,,,,,,0.005681818181818182,0.005681818181818182,,0.005681818181818182,,,0.005681818181818182,
114,174,60,0.13,0.08620689655172414,0.9655172413793104,0.9642857142857143,12.957951646717214,7,0.9655172413793104,0.005747126436781609,,,,,,,0.005747126436781609,,,,,,,,,0.005747126436781609,0.005747126436781609,,0.005747126436781609,,,0.005747126436781609,
115,168,60,0.14,0.08928571428571429,0.9642857142857143,0.9642857142857143,13.127258285921059,7,0.9642857142857143,0.005952380952380952,,,,,,,0.005952380952380952,,,,,,,,,0.005952380952380952,0.005952380952380952,,0.005952380952380952,,,0.005952380952380952,
116,165,60,0.15,0.09090909090909091,0.9636363636363636,0.9642857142857143,13.234347753811218,7,0.9636363636363636,0.006060606060606061,,,,,,,0.006060606060606061,,,,,,,,,0.006060606060606061,0.006060606060606061,,0.006060606060606061,,,0.006060606060606061,
117,163,60,0.16,0.09202453987730061,0.9631901840490797,0.9642857142857143,13.469409203149088,7,0.9631901840490797,0.006134969325153374,,,,,,,0.006134969325153374,,,,,,,,,0.006134969325153374,0.006134969325153374,,0.006134969325153374,,,0.006134969325153374,
118,159,60,0.17,0.09433962264150944,0.9622641509433962,0.9642857142857143,13.486786205381751,7,0.9622641509433962,0.006289308176100629,,,,,,,0.006289308176100629,,,,,,,,,0.006289308176100629,0.006289308176100629,,0.006289308176100629,,,0.006289308176100629,
119,154,60,0.18,0.09740259740259741,0.961038961038961,0.9642857142857143,13.574952313138038,7,0.961038961038961,0.006493506493506494,,,,,,,0.006493506493506494,,,,,,,,,0.006493506493506494,0.006493506493506494,,0.006493506493506494,,,0.006493506493506494,
120,151,60,0.19,0.09933774834437085,0.9602649006622517,0.9642857142857143,13.710417405408382,7,0.9602649006622517,0.006622516556291391,,,,,,,0.006622516556291391,,,,,,,,,0.006622516556291391,0.006622516556291391,,0.006622516556291391,,,0.006622516556291391,
121,143,60,0.2,0.1048951048951049,0.958041958041958,0.9642857142857143,13.982253189968255,7,0.958041958041958,0.006993006993006993,,,,,,,0.006993006993006993,,,,,,,,,0.006993006993006993,0.006993006993006993,,0.006993006993006993,,,0.006993006993006993,
122,142,60,0.21,0.1056338028169014,0.9577464788732394,0.9642857142857143,14.219949872856292,7,0.9577464788732394,0.007042253521126761,,,,,,,0.007042253521126761,,,,,,,,,0.007042253521126761,0.007042253521126761,,0.007042253521126761,,,0.007042253521126761,
123,137,60,0.22,0.10948905109489052,0.9562043795620438,0.9642857142857143,14.285088605279396,7,0.9562043795620438,0.0072992700729927005,,,,,,,0.0072992700729927005,,,,,,,,,0.0072992700729927005,0.0072992700729927005,,0.0072992700729927005,,,0.0072992700729927005,
124,134,60,0.23,0.11194029850746269,0.9552238805970149,0.9642857142857143,14.6648183208323,7,0.9552238805970149,0.007462686567164179,,,,,,,0.007462686567164179,,,,,,,,,0.007462686567164179,0.007462686567164179,,0.007462686567164179,,,0.007462686567164179,
125,132,60,0.24,0.11363636363636363,0.9545454545454546,0.9642857142857143,14.761084396472645,7,0.9545454545454546,0.007575757575757576,,,,,,,0.007575757575757576,,,,,,,,,0.007575757575757576,0.007575757575757576,,0.007575757575757576,,,0.007575757575757576,
126,129,60,0.25,0.11627906976744186,0.9534883720930233,0.9642857142857143,15.078130267333677,7,0.9534883720930233,0.007751937984496124,,,,,,,0.007751937984496124,,,,,,,,,0.007751937984496124,0.007751937984496124,,0.007751937984496124,,,0.007751937984496124,
127,124,60,0.26,0.12096774193548387,0.9516129032258065,0.9642857142857143,15.436007148005627,7,0.9516129032258065,0.008064516129032258,,,,,,,0.008064516129032258,,,,,,,,,0.008064516129032258,0.008064516129032258,,0.008064516129032258,,,0.008064516129032258,
128,122,60,0.27,0.12295081967213115,0.9508196721311475,0.9642857142857143,15.900944150501676,7,0.9508196721311475,0.00819672131147541,,,,,,,0.00819672131147541,,,,,,,,,0.00819672131147541,0.00819672131147541,,0.00819672131147541,,,0.00819672131147541,
129,120,60,0.28,0.125,0.95,0.9642857142857143,16.3404321732107,7,0.95,0.008333333333333333,,,,,,,0.008333333333333333,,,,,,,,,0.008333333333333333,0.008333333333333333,,0.008333333333333333,,,0.008333333333333333,
130,116,60,0.29,0.12931034482758622,0.9482758620689655,0.9642857142857143,16.84160741174471,7,0.9482758620689655,0.008620689655172414,,,,,,,0.008620689655172414,,,,,,,,,0.008620689655172414,0.008620689655172414,,0.008620689655172414,,,0.008620689655172414,
131,114,60,0.3,0.13157894736842105,0.9473684210526315,0.9642857142857143,17.149979453714636,7,0.9473684210526315,0.008771929824561403,,,,,,,0.008771929824561403,,,,,,,,,0.008771929824561403,0.008771929824561403,,0.008771929824561403,,,0.008771929824561403,
132,112,60,0.31,0.13392857142857142,0.9464285714285714,0.9642857142857143,17.444649126250276,7,0.9464285714285714,0.008928571428571428,,,,,,,0.008928571428571428,,,,,,,,,0.008928571428571428,0.008928571428571428,,0.008928571428571428,,,0.008928571428571428,
133,107,60,0.32,0.14018691588785046,0.9532710280373832,0.9642857142857143,17.6113096122472,6,0.9532710280373832,0.009345794392523364,,,,,,,,,,,,,,,,0.009345794392523364,0.009345794392523364,,0.009345794392523364,,,0.009345794392523364,
134,106,60,0.33,0.14150943396226415,0.9528301886792453,0.9642857142857143,18.05531211501993,6,0.9528301886792453,0.009433962264150943,,,,,,,,,,,,,,,,0.009433962264150943,0.009433962264150943,,0.009433962264150943,,,0.009433962264150943,
135,104,60,0.34,0.14423076923076922,0.9519230769230769,0.9642857142857143,18.52109101164734,6,0.9519230769230769,0.009615384615384616,,,,,,,,,,,,,,,,0.009615384615384616,0.009615384615384616,,0.009615384615384616,,,0.009615384615384616,
136,103,60,0.35000000000000003,0.14563106796116504,0.9514563106796117,0.9642857142857143,18.745947773605103,6,0.9514563106796117,0.009708737864077669,,,,,,,,,,,,,,,,0.009708737864077669,0.009708737864077669,,0.009708737864077669,,,0.009708737864077669,
137,98,60,0.36,0.15306122448979592,0.9489795918367347,0.9642857142857143,19.158330713057993,6,0.9489795918367347,0.01020408163265306,,,,,,,,,,,,,,,,0.01020408163265306,0.01020408163265306,,0.01020408163265306,,,0.01020408163265306,
138,96,60,0.37,0.15625,0.9479166666666666,0.9642857142857143,19.3627303543187,6,0.9479166666666666,0.010416666666666666,,,,,,,,,,,,,,,,0.010416666666666666,0.010416666666666666,,0.010416666666666666,,,0.010416666666666666,
139,91,60,0.38,0.16483516483516483,0.945054945054945,0.9642857142857143,19.97602037299067,6,0.945054945054945,0.01098901098901099,,,,,,,,,,,,,,,,0.01098901098901099,0.01098901098901099,,0.01098901098901099,,,0.01098901098901099,
140,90,60,0.39,0.16666666666666666,0.9444444444444444,0.9642857142857143,20.419487693526666,6,0.9444444444444444,0.011111111111111112,,,,,,,,,,,,,,,,0.011111111111111112,0.011111111111111112,,0.011111111111111112,,,0.011111111111111112,
141,89,60,0.4,0.16853932584269662,0.9438202247191011,0.9642857142857143,20.86164026313843,6,0.9438202247191011,0.011235955056179775,,,,,,,,,,,,,,,,0.011235955056179775,0.011235955056179775,,0.011235955056179775,,,0.011235955056179775,
142,88,60,0.41000000000000003,0.17045454545454544,0.9545454545454546,0.9642857142857143,21.170177854221038,5,0.9545454545454546,0.011363636363636364,,,,,,,,,,,,,,,,0.011363636363636364,0.011363636363636364,,0.011363636363636364,,,,
143,86,60,0.42,0.1744186046511628,0.9534883720930233,0.9642857142857143,21.777364326432732,5,0.9534883720930233,0.011627906976744186,,,,,,,,,,,,,,,,0.011627906976744186,0.011627906976744186,,0.011627906976744186,,,,
144,84,60,0.43,0.17857142857142858,0.9523809523809523,0.9642857142857143,22.114838206116,5,0.9523809523809523,0.011904761904761904,,,,,,,,,,,,,,,,0.011904761904761904,0.011904761904761904,,0.011904761904761904,,,,
145,81,60,0.44,0.18518518518518517,0.9506172839506173,0.9642857142857143,22.83596414095539,5,0.9506172839506173,0.012345679012345678,,,,,,,,,,,,,,,,0.012345679012345678,0.012345679012345678,,0.012345679012345678,,,,
146,80,60,0.45,0.1875,0.95,0.9642857142857143,23.369679274748414,5,0.95,0.0125,,,,,,,,,,,,,,,,0.0125,0.0125,,0.0125,,,,
147,79,60,0.46,0.189873417721519,0.9493670886075949,0.9642857142857143,24.01925204738775,5,0.9493670886075949,0.012658227848101266,,,,,,,,,,,,,,,,0.012658227848101266,0.012658227848101266,,0.012658227848101266,,,,
148,74,60,0.47000000000000003,0.20270270270270271,0.9594594594594594,0.9642857142857143,24.706008003728506,4,0.9594594594594594,0.013513513513513514,,,,,,,,,,,,,,,,,0.013513513513513514,,0.013513513513513514,,,,
149,74,60,0.48,0.20270270270270271,0.9594594594594594,0.9642857142857143,25.28312568400985,4,0.9594594594594594,0.013513513513513514,,,,,,,,,,,,,,,,,0.013513513513513514,,0.013513513513513514,,,,
150,69,60,0.49,0.21739130434782608,0.9565217391304348,0.9642857142857143,25.922566547082816,4,0.9565217391304348,0.014492753623188406,,,,,,,,,,,,,,,,,0.014492753623188406,,0.014492753623188406,,,,
151,66,60,0.5,0.22727272727272727,0.9545454545454546,0.9642857142857143,26.85953747382143,4,0.9545454545454546,0.015151515151515152,,,,,,,,,,,,,,,,,0.015151515151515152,,0.015151515151515152,,,,
152,60,60,0.51,0.25,0.95,0.9642857142857143,27.623529243645383,4,0.95,0.016666666666666666,,,,,,,,,,,,,,,,,0.016666666666666666,,0.016666666666666666,,,,
153,59,60,0.52,0.2542372881355932,0.9491525423728814,0.9642857142857143,28.501102011552433,4,0.9491525423728814,0.01694915254237288,,,,,,,,,,,,,,,,,0.01694915254237288,,0.01694915254237288,,,,
154,57,60,0.53,0.2631578947368421,0.9473684210526315,0.9642857142857143,29.494458225335237,4,0.9473684210526315,0.017543859649122806,,,,,,,,,,,,,,,,,0.017543859649122806,,0.017543859649122806,,,,
155,55,60,0.54,0.2727272727272727,0.9454545454545454,0.9642857142857143,29.62599739137772,4,0.9454545454545454,0.01818181818181818,,,,,,,,,,,,,,,,,0.01818181818181818,,0.01818181818181818,,,,
156,53,60,0.55,0.2830188679245283,0.9433962264150944,0.9642857142857143,30.246470915464357,4,0.9433962264150944,0.018867924528301886,,,,,,,,,,,,,,,,,0.018867924528301886,,0.018867924528301886,,,,
157,52,60,0.56,0.28846153846153844,0.9423076923076923,0.9642857142857143,31.177793055804848,4,0.9423076923076923,0.019230769230769232,,,,,,,,,,,,,,,,,0.019230769230769232,,0.019230769230769232,,,,
158,49,60,0.5700000000000001,0.30612244897959184,0.9387755102040817,0.9642857142857143,32.21517553933136,4,0.9387755102040817,0.02040816326530612,,,,,,,,,,,,,,,,,0.02040816326530612,,0.02040816326530612,,,,
159,49,60,0.58,0.30612244897959184,0.9387755102040817,0.9642857142857143,33.16582429030988,4,0.9387755102040817,0.02040816326530612,,,,,,,,,,,,,,,,,0.02040816326530612,,0.02040816326530612,,,,
160,47,60,0.59,0.3191489361702128,0.9361702127659575,0.9642857142857143,34.269575489660895,4,0.9361702127659575,0.02127659574468085,,,,,,,,,,,,,,,,,0.02127659574468085,,0.02127659574468085,,,,
161,43,60,0.6,0.3488372093023256,0.9302325581395349,0.9642857142857143,36.04802984459388,4,0.9302325581395349,0.023255813953488372,,,,,,,,,,,,,,,,,0.023255813953488372,,0.023255813953488372,,,,
162,41,60,0.61,0.36585365853658536,0.926829268292683,0.9642857142857143,37.422802546671484,4,0.926829268292683,0.024390243902439025,,,,,,,,,,,,,,,,,0.024390243902439025,,0.024390243902439025,,,,
163,37,60,0.62,0.40540540540540543,0.9459459459459459,0.9642857142857143,38.79889279464174,3,0.9459459459459459,0.02702702702702703,,,,,,,,,,,,,,,,,,,0.02702702702702703,,,,
164,37,60,0.63,0.40540540540540543,0.9459459459459459,0.9642857142857143,40.112892187961435,3,0.9459459459459459,0.02702702702702703,,,,,,,,,,,,,,,,,,,0.02702702702702703,,,,
165,36,60,0.64,0.4166666666666667,0.9444444444444444,0.9642857142857143,41.2969743887544,3,0.9444444444444444,0.027777777777777776,,,,,,,,,,,,,,,,,,,0.027777777777777776,,,,
166,36,60,0.65,0.4166666666666667,0.9444444444444444,0.9642857142857143,42.64330928290024,3,0.9444444444444444,0.027777777777777776,,,,,,,,,,,,,,,,,,,0.027777777777777776,,,,
167,34,60,0.66,0.4411764705882353,0.9411764705882353,0.9642857142857143,44.47994333564443,3,0.9411764705882353,0.029411764705882353,,,,,,,,,,,,,,,,,,,0.029411764705882353,,,,
168,31,60,0.67,0.4838709677419355,0.9354838709677419,0.9642857142857143,45.50352037725852,3,0.9354838709677419,0.03225806451612903,,,,,,,,,,,,,,,,,,,0.03225806451612903,,,,
169,29,60,0.68,0.5172413793103449,0.9310344827586207,0.9642857142857143,47.637443135166855,3,0.9310344827586207,0.034482758620689655,,,,,,,,,,,,,,,,,,,0.034482758620689655,,,,
170,29,60,0.6900000000000001,0.5172413793103449,0.9310344827586207,0.9642857142857143,49.35241742276497,3,0.9310344827586207,0.034482758620689655,,,,,,,,,,,,,,,,,,,0.034482758620689655,,,,
171,27,60,0.7000000000000001,0.5555555555555556,0.9259259259259259,0.9642857142857143,50.94932243284013,3,0.9259259259259259,0.037037037037037035,,,,,,,,,,,,,,,,,,,0.037037037037037035,,,,
172,26,60,0.71,0.5769230769230769,0.9230769230769231,0.9642857142857143,52.91130234095653,3,0.9230769230769231,0.038461538461538464,,,,,,,,,,,,,,,,,,,0.038461538461538464,,,,
173,23,60,0.72,0.6521739130434783,0.9130434782608695,0.9642857142857143,55.56674623452252,3,0.9130434782608695,0.043478260869565216,,,,,,,,,,,,,,,,,,,0.043478260869565216,,,,
174,22,60,0.73,0.6818181818181818,0.9090909090909091,0.9642857142857143,57.30171577345153,3,0.9090909090909091,0.045454545454545456,,,,,,,,,,,,,,,,,,,0.045454545454545456,,,,
175,17,60,0.74,0.8823529411764706,0.9411764705882353,0.9642857142857143,59.79665703481055,2,0.9411764705882353,0.058823529411764705,,,,,,,,,,,,,,,,,,,,,,,
176,15,60,0.75,1.0,0.9333333333333333,0.9642857142857143,63.16301167998714,2,0.9333333333333333,0.06666666666666667,,,,,,,,,,,,,,,,,,,,,,,
177,14,60,0.76,1.0714285714285714,0.9285714285714286,0.9642857142857143,66.99107513189587,2,0.9285714285714286,0.07142857142857142,,,,,,,,,,,,,,,,,,,,,,,
178,14,60,0.77,1.0714285714285714,0.9285714285714286,0.9642857142857143,70.81480030097784,2,0.9285714285714286,0.07142857142857142,,,,,,,,,,,,,,,,,,,,,,,
179,14,60,0.78,1.0714285714285714,0.9285714285714286,0.9642857142857143,74.6194068442144,2,0.9285714285714286,0.07142857142857142,,,,,,,,,,,,,,,,,,,,,,,
180,13,60,0.79,1.1538461538461537,0.9230769230769231,0.9642857142857143,79.23651316019803,2,0.9230769230769231,0.07692307692307693,,,,,,,,,,,,,,,,,,,,,,,
181,12,60,0.8,1.25,0.9166666666666666,0.9642857142857143,83.48224283169476,2,0.9166666666666666,0.08333333333333333,,,,,,,,,,,,,,,,,,,,,,,
182,12,60,0.81,1.25,0.9166666666666666,0.9642857142857143,86.11162835306078,2,0.9166666666666666,0.08333333333333333,,,,,,,,,,,,,,,,,,,,,,,
183,12,60,0.8200000000000001,1.25,0.9166666666666666,0.9642857142857143,87.46730824079815,2,0.9166666666666666,0.08333333333333333,,,,,,,,,,,,,,,,,,,,,,,
184,14,60,0.8300000000000001,1.0714285714285714,0.9285714285714286,0.9655172413793104,87.2994761243062,3,0.8571428571428571,0.07142857142857142,,,,,,,,,,,,,,,,,,,,,,,0.07142857142857142
185,14,60,0.84,1.0714285714285714,0.9285714285714286,0.9655172413793104,86.55725906458518,3,0.8571428571428571,0.07142857142857142,,,,,,,,,,,,,,,,,,,,,,,0.07142857142857142
186,13,60,0.85,1.1538461538461537,0.9230769230769231,0.9655172413793104,91.63371504137656,3,0.8461538461538461,0.07692307692307693,,,,,,,,,,,,,,,,,,,,,,,0.07692307692307693
187,13,60,0.86,1.1538461538461537,0.9230769230769231,0.9655172413793104,92.23275367438963,3,0.8461538461538461,0.07692307692307693,,,,,,,,,,,,,,,,,,,,,,,0.07692307692307693
188,13,60,0.87,1.1538461538461537,0.9230769230769231,0.9655172413793104,96.25830271261528,3,0.8461538461538461,0.07692307692307693,,,,,,,,,,,,,,,,,,,,,,,0.07692307692307693
189,14,60,0.88,1.0714285714285714,0.9285714285714286,0.9655172413793104,97.36631514810337,3,0.8571428571428571,0.07142857142857142,,,,,,,,,,,,,,,,,,,,,,,0.07142857142857142
190,12,60,0.89,1.25,0.9166666666666666,0.9655172413793104,99.01456782172697,3,0.8333333333333334,0.08333333333333333,,,,,,,,,,,,,,,,,,,,,,,0.08333333333333333
191,11,60,0.9,1.3636363636363635,0.9090909090909091,0.9655172413793104,101.5567201432023,3,0.8181818181818182,0.09090909090909091,,,,,,,,,,,,,,,,,,,,,,,0.09090909090909091
192,9,60,0.91,1.6666666666666667,0.8888888888888888,0.9655172413793104,113.31335774585169,3,0.7777777777777778,0.1111111111111111,,,,,,,,,,,,,,,,,,,,,,,0.1111111111111111
193,9,60,0.92,1.6666666666666667,0.8888888888888888,0.9655172413793104,113.24357880067404,3,0.7777777777777778,0.1111111111111111,,,,,,,,,,,,,,,,,,,,,,,0.1111111111111111
194,9,60,0.93,1.6666666666666667,0.8888888888888888,0.9655172413793104,119.20516334259531,3,0.7777777777777778,0.1111111111111111,,,,,,,,,,,,,,,,,,,,,,,0.1111111111111111
195,7,60,0.9400000000000001,2.142857142857143,0.8571428571428571,0.9655172413793104,131.1952812320357,3,0.7142857142857143,0.14285714285714285,,,,,,,,,,,,,,,,,,,,,,,0.14285714285714285
196,7,60,0.9500000000000001,2.142857142857143,0.8571428571428571,0.9655172413793104,138.96240477474674,3,0.7142857142857143,0.14285714285714285,,,,,,,,,,,,,,,,,,,,,,,0.14285714285714285
197,7,60,0.96,2.142857142857143,0.8571428571428571,0.9655172413793104,146.69069269974418,3,0.7142857142857143,0.14285714285714285,,,,,,,,,,,,,,,,,,,,,,,0.14285714285714285
198,7,60,0.97,2.142857142857143,0.8571428571428571,0.9655172413793104,154.3803391851167,3,0.7142857142857143,0.14285714285714285,,,,,,,,,,,,,,,,,,,,,,,0.14285714285714285
199,6,60,0.98,2.5,0.8333333333333334,0.9655172413793104,149.352874175751,3,0.6666666666666666,0.16666666666666666,,,,,,,,,,,,,,,,,,,,,,,0.16666666666666666
200,5,60,0.99,3.0,0.8,0.9655172413793104,168.27961196437732,3,0.6,0.2,,,,,,,,,,,,,,,,,,,,,,,0.2
